Status,Comments,licensor,producer,start-datetime,end-datetime,vertical-datum,horizontal-datum,source,region,geographic_description,event,input-scale,output-scale,description,size
OK,,Land Information New Zealand,Aerial Surveys,2015-02-10,2015-02-11,7839,2193,s3://linz-elevation-staging/lidar2/Canterbury_-_Mackenzie_LiDAR_(2015)/Canterbury_-_Mackenzie_LiDAR_1m_DEM_(2015)/,canterbury,Mackenzie,,1000,10000,Digital Elevation Model within the Canterbury - Mackenzie region captured in 2015.,
OK,,Land Information New Zealand,Aerial Surveys,2015-02-10,2015-02-11,7839,2193,s3://linz-elevation-staging/lidar2/Canterbury_-_Mackenzie_LiDAR_(2015)/Canterbury_-_Mackenzie_LiDAR_1m_DSM_(2015)/,canterbury,Mackenzie,,1000,10000,Digital Surface Model within the Canterbury - Mackenzie region captured in 2015.,
OK,,Otago Regional Council,Aerial Surveys,2016-03-01,2016-04-21,7839,2193,s3://linz-elevation-staging/lidar2/Otago_-_Queenstown_LiDAR_(2016)/Otago_-_Queenstown_LiDAR_1m_DEM_(2016)/,otago,Queenstown,,1000,10000,Digital Elevation Model within the Otago - Queenstown region captured in 2016.,
OK,,Otago Regional Council,Aerial Surveys,2016-03-01,2016-04-21,7839,2193,s3://linz-elevation-staging/lidar2/Otago_-_Queenstown_LiDAR_(2016)/Otago_-_Queenstown_LiDAR_1m_DSM_(2016)/,otago,Queenstown,,1000,10000,Digital Surface Model within the Otago - Queenstown region captured in 2016.,
,ASC FILES,Environment Canterbury,Aerial Surveys,2012-07-10,2012-07-17,7839,2193,s3://linz-elevation-staging/lidar2/Canterbury_-_Kaikoura_LiDAR_(2012)/Canterbury_-_Kaikoura_LiDAR_1m_DEM_(2012)/,canterbury,Kaikōura,,1000,10000,Digital Elevation Model within the Canterbury - Kaikōura region captured in 2012.,
,ASC FILES,Environment Canterbury,Aerial Surveys,2012-07-10,2012-07-17,7839,2193,s3://linz-elevation-staging/lidar2/Canterbury_-_Kaikoura_LiDAR_(2012)/Canterbury_-_Kaikoura_LiDAR_1m_DSM_(2012)/,canterbury,Kaikōura,,1000,10000,Digital Surface Model within the Canterbury - Kaikōura region captured in 2012.,
,ASC FILES,Environment Canterbury,Aerial Surveys,2015-04-01,2015-04-01,7839,2193,s3://linz-elevation-staging/lidar2/Canterbury_-_Hawarden_LiDAR_(2015)/Canterbury_-_Hawarden_LiDAR_1m_DEM_(2015)/,canterbury,Hawarden,,1000,10000,Digital Elevation Model within the Canterbury - Hawarden region captured in 2015.,
,ASC FILES,Environment Canterbury,Aerial Surveys,2015-04-01,2015-04-01,7839,2193,s3://linz-elevation-staging/lidar2/Canterbury_-_Hawarden_LiDAR_(2015)/Canterbury_-_Hawarden_LiDAR_1m_DSM_(2015)/,canterbury,Hawarden,,1000,10000,Digital Surface Model within the Canterbury - Hawarden region captured in 2015.,
,ASC FILES,Environment Canterbury,Aerial Surveys,2014-07-07,2014-08-04,7839,2193,s3://linz-elevation-staging/lidar2/Canterbury_-_Timaru_Rivers_LiDAR_(2014)/Canterbury_-_Timaru_Rivers_LiDAR_1m_DEM_(2014)/,canterbury,Timaru Rivers,,1000,10000,Digital Elevation Model within the Canterbury - Timaru Rivers region captured in 2014.,
,ASC FILES,Environment Canterbury,Aerial Surveys,2014-07-07,2014-08-04,7839,2193,s3://linz-elevation-staging/lidar2/Canterbury_-_Timaru_Rivers_LiDAR_(2014)/Canterbury_-_Timaru_Rivers_LiDAR_1m_DSM_(2014)/,canterbury,Timaru Rivers,,1000,10000,Digital Surface Model within the Canterbury - Timaru Rivers region captured in 2014.,
,ASC FILES,Environment Canterbury,Aerial Surveys,2013-05-12,2013-05-30,7839,2193,s3://linz-elevation-staging/lidar2/Canterbury_-_Hurunui_Rivers_LiDAR_(2013)/Canterbury_-_Hurunui_Rivers_LiDAR_1m_DEM_(2013)/,canterbury,Hurunui Rivers,,1000,10000,Digital Elevation Model within the Canterbury - Hurunui Rivers region captured in 2013.,
,ASC FILES,Environment Canterbury,Aerial Surveys,2013-05-12,2013-05-30,7839,2193,s3://linz-elevation-staging/lidar2/Canterbury_-_Hurunui_Rivers_LiDAR_(2013)/Canterbury_-_Hurunui_Rivers_LiDAR_1m_DSM_(2013)/,canterbury,Hurunui Rivers,,1000,10000,Digital Surface Model within the Canterbury - Hurunui Rivers region captured in 2013.,
OK,,Marlborough District Council,NZ Aerial Mapping;Aerial Surveys,2014-02-23,2014-05-03,7839,2193,s3://linz-elevation-staging/lidar2/Marlborough_-_Blenheim_LiDAR_(2014)/Marlborough_-_Blenheim_LiDAR_1m_DEM_(2014)/,marlborough,Blenheim,,1000,10000,Digital Elevation Model within the Marlborough - Blenheim region captured in 2014.,
OK,,Marlborough District Council,NZ Aerial Mapping;Aerial Surveys,2014-02-23,2014-05-03,7839,2193,s3://linz-elevation-staging/lidar2/Marlborough_-_Blenheim_LiDAR_(2014)/Marlborough_-_Blenheim_LiDAR_1m_DSM_(2014)/,marlborough,Blenheim,,1000,10000,Digital Surface Model within the Marlborough - Blenheim region captured in 2014.,
OK,,Waikato Regional Council,Aerial Surveys,2019-04-16,2019-04-17,7839,2193,s3://linz-elevation-staging/lidar2/Waikato_-_Reporoa_and_Upper_Piako_River_LiDAR_(2019)/Waikato_-_Reporoa_and_Upper_Piako_River_LiDAR_1m_DEM_(2019)/,waikato,Reporoa and Upper Piako River,,1000,10000,Digital Elevation Model within the Waikato - Reporoa and Upper Piako River region captured in 2019.,
OK,,Waikato Regional Council,Aerial Surveys,2019-04-16,2019-04-17,7839,2193,s3://linz-elevation-staging/lidar2/Waikato_-_Reporoa_and_Upper_Piako_River_LiDAR_(2019)/Waikato_-_Reporoa_and_Upper_Piako_River_LiDAR_1m_DSM_(2019)/,waikato,Reporoa and Upper Piako River,,1000,10000,Digital Surface Model within the Waikato - Reporoa and Upper Piako River region captured in 2019.,
OK,,Otago Regional Council,Aerial Surveys,2016-03-02,2016-04-10,7839,2193,s3://linz-elevation-staging/lidar2/Otago_LiDAR_(2016)/Otago_LiDAR_1m_DEM_(2016)/,otago,,,1000,10000,Digital Elevation Model within the Otago region captured in 2016.,
OK,,Otago Regional Council,Aerial Surveys,2016-03-02,2016-04-10,7839,2193,s3://linz-elevation-staging/lidar2/Otago_LiDAR_(2016)/Otago_LiDAR_1m_DSM_(2016)/,otago,,,1000,10000,Digital Surface Model within the Otago region captured in 2016.,
,ASC FILES,Waimakariri District Council,Aerial Surveys,2014-03-14,2014-06-23,7839,2193,s3://linz-elevation-staging/lidar2/Canterbury_-_Rangiora_LiDAR_(2014)/Canterbury_-_Rangiora_LiDAR_1m_DEM_(2014)/,canterbury,Rangiora,,1000,10000,Digital Elevation Model within the Canterbury - Rangiora region captured in 2014.,
,ASC FILES,Waimakariri District Council,Aerial Surveys,2014-03-14,2014-06-23,7839,2193,s3://linz-elevation-staging/lidar2/Canterbury_-_Rangiora_LiDAR_(2014)/Canterbury_-_Rangiora_LiDAR_1m_DSM_(2014)/,canterbury,Rangiora,,1000,10000,Digital Surface Model within the Canterbury - Rangiora region captured in 2014.,
,ASC FILES,Environment Canterbury,Aerial Surveys,2012-07-10,2012-07-17,7839,2193,s3://linz-elevation-staging/lidar2/Canterbury_-_Amberly_LiDAR_(2012)/Canterbury_-_Amberly_LiDAR_1m_DEM_(2012)/Gridded_DEM/,canterbury,Amberley,,1000,10000,Digital Elevation Model within the Canterbury - Amberly region captured in 2012.,
,ASC FILES,Environment Canterbury,Aerial Surveys,2012-07-10,2012-07-17,7839,2193,s3://linz-elevation-staging/lidar2/Canterbury_-_Amberly_LiDAR_(2012)/Canterbury_-_Amberly_LiDAR_1m_DSM_(2012)/Gridded_DSM/,canterbury,Amberley,,1000,10000,Digital Surface Model within the Canterbury - Amberly region captured in 2012.,
,ASC FILES,Environment Canterbury,Aerial Surveys,2015-04-01,2015-04-01,7839,2193,s3://linz-elevation-staging/lidar2/Canterbury_-_Cheviot_LiDAR_(2015)/Canterbury_-_Cheviot_LiDAR_1m_DEM_(2015)/,canterbury,Cheviot,,1000,10000,Digital Elevation Model within the Canterbury - Cheviot region captured in 2015.,
,ASC FILES,Environment Canterbury,Aerial Surveys,2015-04-01,2015-04-01,7839,2193,s3://linz-elevation-staging/lidar2/Canterbury_-_Cheviot_LiDAR_(2015)/Canterbury_-_Cheviot_LiDAR_1m_DSM_(2015)/,canterbury,Cheviot,,1000,10000,Digital Surface Model within the Canterbury - Cheviot region captured in 2015.,
,"to be transformed first, don't process yet ASC FILES",Auckland Council,NZ Aerial Mapping;Aerial Surveys,2013-07-13,2013-11-23,4440,2193,s3://linz-elevation-staging/lidar2/Auckland_LiDAR_(2013)/Auckland_LiDAR_1m_DEM_(2013)/,auckland,,,1000,10000,Digital Elevation Model within the Auckland region captured in 2013.,
,"to be transformed first, don't process yet ASC FILES",Auckland Council,NZ Aerial Mapping;Aerial Surveys,2013-07-13,2013-11-23,4440,2193,s3://linz-elevation-staging/lidar2/Auckland_LiDAR_(2013)/Auckland_LiDAR_1m_DSM_(2013)/,auckland,,,1000,10000,Digital Surface Model within the Auckland region captured in 2013.,
OK,,Tasman District Council,Aerial Surveys,2018-11-15,2019-02-13,7839,2193,s3://linz-elevation-staging/lidar2/Tasman_-_Motueka_River_Valley_LiDAR_(2018-2019)/Tasman_-_Motueka_River_Valley_LiDAR_1m_DEM_(2018-2019)/,tasman,Motueka River Valley,,1000,10000,Digital Elevation Model within the Tasman - Motueka River Valley region captured in 2018-2019.,
OK,,Tasman District Council,Aerial Surveys,2018-11-15,2019-02-13,7839,2193,s3://linz-elevation-staging/lidar2/Tasman_-_Motueka_River_Valley_LiDAR_(2018-2019)/Tasman_-_Motueka_River_Valley_LiDAR_1m_DSM_(2018-2019)/,tasman,Motueka River Valley,,1000,10000,Digital Surface Model within the Tasman - Motueka River Valley region captured in 2018-2019.,
,ASC FILES,Waikato Regional Council,Aerial Surveys,2015-02-07,2015-03-01,7839,2193,s3://linz-elevation-staging/lidar2/Waikato_-_West_Coast_and_Hauraki_Plains_LiDAR_(2015)/Waikato_-_West_Coast_and_Hauraki_Plains_LiDAR_1m_DEM_(2015)/,waikato,West Coast and Hauraki Plains,,1000,10000,Digital Elevation Model within the Waikato - West Coast and Hauraki Plains region captured in 2015.,
,ASC FILES,Waikato Regional Council,Aerial Surveys,2015-02-07,2015-03-01,7839,2193,s3://linz-elevation-staging/lidar2/Waikato_-_West_Coast_and_Hauraki_Plains_LiDAR_(2015)/Waikato_-_West_Coast_and_Hauraki_Plains_LiDAR_1m_DSM_(2015)/,waikato,West Coast and Hauraki Plains,,1000,10000,Digital Surface Model within the Waikato - West Coast and Hauraki Plains region captured in 2015.,
OK,,Land Information New Zealand,Aerial Surveys,2016-11-21,2016-11-22,7839,2193,s3://linz-elevation-staging/lidar2/Northland_-_Whangarei_Heads_LiDAR_(2016)/Northland_-_Whangarei_Heads_LiDAR_1m_DEM_(2016)/,northland,Whangarei Heads,,1000,10000,Digital Elevation Model within the Northland - Whangarei Heads region captured in 2016.,
OK,,Land Information New Zealand,Aerial Surveys,2016-11-21,2016-11-22,7839,2193,s3://linz-elevation-staging/lidar2/Northland_-_Whangarei_Heads_LiDAR_(2016)/Northland_-_Whangarei_Heads_LiDAR_1m_DSM_(2016)/,northland,Whangarei Heads,,1000,10000,Digital Surface Model within the Northland - Whangarei Heads region captured in 2016.,
PROJECTION -> OK,,Wellington City Council,Aerial Surveys,2019-03-20,2020-03-14,7839,2193,s3://linz-elevation-staging/lidar2/Wellington_City_LiDAR_(2019-2020)/Wellington_City_LiDAR_1m_DEM_(2019-2020)/,wellington,Wellington City,,1000,10000,Digital Elevation Model within the Wellington City region captured in 2019-2020.,
PROJECTION -> OK,,Wellington City Council,Aerial Surveys,2019-03-20,2020-03-14,7839,2193,s3://linz-elevation-staging/lidar2/Wellington_City_LiDAR_(2019-2020)/Wellington_City_LiDAR_1m_DSM_(2019-2020)/,wellington,Wellington City,,1000,10000,Digital Surface Model within the Wellington City region captured in 2019-2020.,
OK,,Waikato Regional Council,Aerial Surveys,2015-02-01,2019-01-31,7839,2193,s3://linz-elevation-staging/lidar2/Waikato_-_Huntly_LiDAR_(2015-2019)/Waikato_-_Huntly_LiDAR_1m_DEM_(2015-2019)/,waikato,Huntly,,1000,10000,Digital Elevation Model within the Waikato - Huntly region captured in 2015-2019.,
OK,,Waikato Regional Council,Aerial Surveys,2015-02-01,2019-01-31,7839,2193,s3://linz-elevation-staging/lidar2/Waikato_-_Huntly_LiDAR_(2015-2019)/Waikato_-_Huntly_LiDAR_1m_DSM_(2015-2019)/,waikato,Huntly,,1000,10000,Digital Surface Model within the Waikato - Huntly region captured in 2015-2019.,
OK,,Waikato Regional Council,Aerial Surveys,2017-07-02,2019-02-04,7839,2193,s3://linz-elevation-staging/lidar2/Waikato_-_Thames_LiDAR_(2017-2019)/Waikato_-_Thames_LiDAR_1m_DEM_(2017-2019)/,waikato,Thames,,1000,10000,Digital Elevation Model within the Waikato - Thames region captured in 2017-2019.,
OK,,Waikato Regional Council,Aerial Surveys,2017-07-02,2019-02-04,7839,2193,s3://linz-elevation-staging/lidar2/Waikato_-_Thames_LiDAR_(2017-2019)/Waikato_-_Thames_LiDAR_1m_DSM_(2017-2019)/,waikato,Thames,,1000,10000,Digital Surface Model within the Waikato - Thames region captured in 2017-2019.,
OK,,Environment Canterbury,Aerial Surveys,2018-03-14,2019-05-01,7839,2193,s3://linz-elevation-staging/lidar2/Canterbury LiDAR 1m DEMs (2018)/Canterbury_LiDAR_1m_DEM_(2018-2019)/,canterbury,,,1000,10000,Digital Elevation Model within the Canterbury region captured in 2018-2019.,
OK,,Environment Canterbury,Aerial Surveys,2018-03-14,2019-05-01,7839,2193,s3://linz-elevation-staging/lidar2/Canterbury LiDAR 1m DEMs (2018)/Canterbury_LiDAR_1m_DSM_(2018-2019)/,canterbury,,,1000,10000,Digital Surface Model within the Canterbury region captured in 2018-2019.,
OK,,Hamilton City Council,Aerial Surveys,2019-11-03,2019-11-05,7839,2193,s3://linz-elevation-staging/lidar2/Waikato_-_Hamilton_LiDAR_(2019)/Waikato_-_Hamilton_LiDAR_1m_DEM_(2019)/,waikato,Hamilton,,1000,10000,Digital Elevation Model within the Waikato - Hamilton region captured in 2019.,
OK,,Hamilton City Council,Aerial Surveys,2019-11-03,2019-11-05,7839,2193,s3://linz-elevation-staging/lidar2/Waikato_-_Hamilton_LiDAR_(2019)/Waikato_-_Hamilton_LiDAR_1m_DSM_(2019)/,waikato,Hamilton,,1000,10000,Digital Surface Model within the Waikato - Hamilton region captured in 2019.,
OK,,Land Information New Zealand,Aerial Surveys,2016-11-09,2016-11-21,7839,2193,s3://linz-elevation-staging/lidar2/Northland_-_Marsden_Point_LiDAR_(2016)/Northland_-_Marsden_Point_LiDAR_1m_DEM_(2016)/,northland,Marsden Point,,1000,10000,Digital Elevation Model within the Northland - Marsden Point region captured in 2016.,
OK,,Land Information New Zealand,Aerial Surveys,2016-11-09,2016-11-21,7839,2193,s3://linz-elevation-staging/lidar2/Northland_-_Marsden_Point_LiDAR_(2016)/Northland_-_Marsden_Point_LiDAR_1m_DSM_(2016)/,northland,Marsden Point,,1000,10000,Digital Surface Model within the Northland - Marsden Point region captured in 2016.,
PROJECTION -> OK,,Marlborough District Council,Aerial Surveys,2018-05-26,2018-09-12,7839,2193,s3://linz-elevation-staging/lidar2/Marlborough_LiDAR_(2018)/Marlborough_LiDAR_1m_DEM_(2018)/,marlborough,,,1000,10000,Digital Elevation Model within the Marlborough region captured in 2018.,
PROJECTION -> OK,,Marlborough District Council,Aerial Surveys,2018-05-26,2018-09-12,7839,2193,s3://linz-elevation-staging/lidar2/Marlborough_LiDAR_(2018)/Marlborough_LiDAR_1m_DEM_(2018)/,marlborough,,,1000,10000,Digital Surface Model within the Marlborough region captured in 2018.,
OK,,Environment Canterbury,Aerial Surveys,2018-07-20,2019-03-01,7839,2193,s3://linz-elevation-staging/lidar2/Canterbury_-_Christchurch_and_Ashley_River_LiDAR_(2018-2019)/Canterbury_-_Christchurch_and_Ashley_River_LiDAR_1m_DEM_(2018-2019)/,canterbury,Christchurch and Ashley River,,1000,10000,Digital Elevation Model within the Canterbury - Christchurch and Ashley River region captured in 2018-2019.,
OK,,Environment Canterbury,Aerial Surveys,2018-07-20,2019-03-01,7839,2193,s3://linz-elevation-staging/lidar2/Canterbury_-_Christchurch_and_Ashley_River_LiDAR_(2018-2019)/Canterbury_-_Christchurch_and_Ashley_River_LiDAR_1m_DSM_(2018-2019)/,canterbury,Christchurch and Ashley River,,1000,10000,Digital Surface Model within the Canterbury - Christchurch and Ashley River region captured in 2018-2019.,
OK,Each tile in own folder!?,Greater Wellington Regional Council,Aerial Surveys,2013-01-01,2014-12-31,7839,2193,s3://linz-elevation-staging/lidar2/Wellington_LiDAR_(2013-2014)/Wellington_LiDAR_1m_DEM_(2013-2014)/Wellington DEM/,wellington,,,1000,10000,Digital Elevation Model within the Wellington region captured in 2013-2014.,
OK,Each tile in own folder!?,Greater Wellington Regional Council,Aerial Surveys,2013-01-01,2014-12-31,7839,2193,s3://linz-elevation-staging/lidar2/Wellington_LiDAR_(2013-2014)/Wellington_LiDAR_1m_DSM_(2013-2014)/,wellington,,,1000,10000,Digital Surface Model within the Wellington region captured in 2013-2014.,
OK,,Environment Canterbury,Aerial Surveys,2018-07-18,2019-02-10,7839,2193,s3://linz-elevation-staging/lidar2/Canterbury_-_Banks_Peninsula_LiDAR_(2018-2019)/Canterbury_-_Banks_Peninsula_LiDAR_1m_DEM_(2018-2019)/,canterbury,Banks Peninsula,,1000,10000,Digital Elevation Model within the Canterbury - Banks Peninsula region captured in 2018-2019.,
OK,,Environment Canterbury,Aerial Surveys,2018-07-18,2019-02-10,7839,2193,s3://linz-elevation-staging/lidar2/Canterbury_-_Banks_Peninsula_LiDAR_(2018-2019)/Canterbury_-_Banks_Peninsula_LiDAR_1m_DSM_(2018-2019)/,canterbury,Banks Peninsula,,1000,10000,Digital Surface Model within the Canterbury - Banks Peninsula region captured in 2018-2019.,
OK,,Tasman District Council,AAM NZ,2015-11-13,2015-11-14,7839,2193,s3://linz-elevation-staging/lidar2/Tasman_-_Richmond_and_Motueka_LiDAR_(2015)/Tasman_-_Richmond_and_Motueka_LiDAR_1m_DEM_(2015)/,tasman,Richmond and Motueka,,1000,10000,Digital Elevation Model within the Tasman - Richmond and Motueka region captured in 2015.,
OK,,Tasman District Council,AAM NZ,2015-11-13,2015-11-14,7839,2193,s3://linz-elevation-staging/lidar2/Tasman_-_Richmond_and_Motueka_LiDAR_(2015)/Tasman_-_Richmond_and_Motueka_LiDAR_1m_DSM_(2015)/,tasman,Richmond and Motueka,,1000,10000,Digital Surface Model within the Tasman - Richmond and Motueka region captured in 2015.,
OK,,Environment Canterbury,AAM NZ,2016-11-01,2017-01-31,7839,2193,s3://linz-elevation-staging/lidar2/Canterbury_LiDAR_(2016-2017)/Canterbury_LiDAR_1m_DEM_(2016-2017)/,canterbury,,,1000,10000,Digital Elevation Model within the Canterbury region captured in 2016-2017.,
OK,,Environment Canterbury,AAM NZ,2016-11-01,2017-01-31,7839,2193,s3://linz-elevation-staging/lidar2/Canterbury_LiDAR_(2016-2017)/Canterbury_LiDAR_1m_DSM_(2016-2017)/,canterbury,,,1000,10000,Digital Surface Model within the Canterbury region captured in 2016-2017.,
OK,,Tasman District Council,AAM NZ,2016-12-13,2016-12-14,7839,2193,s3://linz-elevation-staging/lidar2/Tasman_-_Abel_Tasman_and_Golden_Bay_LiDAR_(2016)/Tasman_-_Abel_Tasman_and_Golden_Bay_LiDAR_1m_DEM_(2016)/,tasman,Abel Tasman and Golden Bay,,1000,10000,Digital Elevation Model within the Tasman - Abel Tasman and Golden Bay region captured in 2016.,
OK,,Tasman District Council,AAM NZ,2016-12-13,2016-12-14,7839,2193,s3://linz-elevation-staging/lidar2/Tasman_-_Abel_Tasman_and_Golden_Bay_LiDAR_(2016)/Tasman_-_Abel_Tasman_and_Golden_Bay_LiDAR_1m_DSM_(2016)/,tasman,Abel Tasman and Golden Bay,,1000,10000,Digital Surface Model within the Tasman - Abel Tasman and Golden Bay region captured in 2016.,
OK,,Otago Regional Council,Landpro,2020-01-16,2020-01-18,7839,2193,s3://linz-elevation-staging/lidar2/Otago_-_Balclutha_LiDAR_(2020)/Otago_-_Balclutha_LiDAR_1m_DEM_(2020)/,otago,Balclutha,,1000,10000,Digital Elevation Model within the Otago - Balclutha region captured in 2020.,
OK,,Otago Regional Council,Landpro,2020-01-16,2020-01-18,7839,2193,s3://linz-elevation-staging/lidar2/Otago_-_Balclutha_LiDAR_(2020)/Otago_-_Balclutha_LiDAR_1m_DSM_(2020)/,otago,Balclutha,,1000,10000,Digital Surface Model within the Otago - Balclutha region captured in 2020.,
PROJECTION -> OK,,Auckland Council,AAM NZ,2016-09-22,2017-06-22,7839,2193,s3://linz-elevation-staging/lidar2/Auckland_South_LiDAR_(2016-2017)/Auckland_South_LiDAR_1m_DEM_(2016-2017)/,auckland,Auckland South,,1000,10000,Digital Elevation Model within the Auckland South region captured in 2016-2017.,
OK,,Auckland Council,AAM NZ,2016-09-22,2017-06-22,7839,2193,s3://linz-elevation-staging/lidar2/Auckland_South_LiDAR_(2016-2017)/Auckland_South_LiDAR_1m_DSM_(2016-2017)/,auckland,Auckland South,,1000,10000,Digital Surface Model within the Auckland South region captured in 2016-2017.,
OK,Multiple subfolders for different regions?,Environment Canterbury,AAM NZ,2015-10-05,2015-10-07,7839,2193,s3://linz-elevation-staging/lidar2/Canterbury_-_Christchurch_and_Selwyn_LiDAR_(2015)/Canterbury_-_Christchurch_and_Selwyn_LiDAR_1m_DEM_(2015)/,canterbury,Christchurch and Selwyn,,1000,10000,Digital Elevation Model within the Canterbury - Christchurch and Selwyn region captured in 2015.,
OK,Multiple subfolders for different regions?,Environment Canterbury,AAM NZ,2015-10-05,2015-10-07,7839,2193,s3://linz-elevation-staging/lidar2/Canterbury_-_Christchurch_and_Selwyn_LiDAR_(2015)/Canterbury_-_Christchurch_and_Selwyn_LiDAR_1m_DSM_(2015)/,canterbury,Christchurch and Selwyn,,1000,10000,Digital Surface Model within the Canterbury - Christchurch and Selwyn region captured in 2015.,
OK,,Tasman District Council,AAM NZ,2017-11-24,2017-12-16,7839,2193,s3://linz-elevation-staging/lidar2/Tasman_-_Golden_Bay_LiDAR_(2017)/Tasman_-_Golden_Bay_LiDAR_1m_DEM_(2017)/,tasman,Golden Bay,,1000,10000,Digital Elevation Model within the Tasman - Golden Bay region captured in 2017.,
OK,,Tasman District Council,AAM NZ,2017-11-24,2017-12-16,7839,2193,s3://linz-elevation-staging/lidar2/Tasman_-_Golden_Bay_LiDAR_(2017)/Tasman_-_Golden_Bay_LiDAR_1m_DSM_(2017)/,tasman,Golden Bay,,1000,10000,Digital Surface Model within the Tasman - Golden Bay region captured in 2017.,
OK,,Upper Hutt City Council,AAM NZ,2021-03-25,2021-03-27,7839,2193,s3://linz-elevation-staging/publish/Wellington-UpperHuttCity_LiDAR_2021/DEM/,wellington,Upper Hutt City,,1000,10000,Digital Elevation Model within the Wellington - Upper Hutt City region captured in 2021.,
OK,,Upper Hutt City Council,AAM NZ,2021-03-25,2021-03-27,7839,2193,s3://linz-elevation-staging/publish/Wellington-UpperHuttCity_LiDAR_2021/DSM/,wellington,Upper Hutt City,,1000,10000,Digital Surface Model within the Wellington - Upper Hutt City region captured in 2021.,
PROJECTION -> OK,,Kāpiti Coast District Council,AAM NZ,2021-03-13,2021-03-15,7839,2193,s3://linz-elevation-staging/publish/Kapiti_Coast_LiDAR_2021/DEM/,wellington,Kāpiti Coast,,1000,10000,Digital Elevation Model within the Wellington - Kāpiti Coast region captured in 2021.,
OK,,Kāpiti Coast District Council,AAM NZ,2021-03-13,2021-03-15,7839,2193,s3://linz-elevation-staging/publish/Kapiti_Coast_LiDAR_2021/DSM/,wellington,Kāpiti Coast,,1000,10000,Digital Surface Model within the Wellington - Kāpiti Coast region captured in 2021.,
OK,,Queenstown-Lakes District Council,Landpro,2021-03-13,2021-03-14,7839,2193,s3://linz-elevation-staging/Otago-Queenstown_LiDAR_1m_2021/DEM/,otago,Queenstown,,1000,10000,Digital Elevation Model within the Otago - Queenstown region captured in 2021.,
OK,,Queenstown-Lakes District Council,Landpro,2021-03-13,2021-03-14,7839,2193,s3://linz-elevation-staging/Otago-Queenstown_LiDAR_1m_2021/DSM/,otago,Queenstown,,1000,10000,Digital Surface Model within the Otago - Queenstown region captured in 2021.,
PROJECTION -> OK,,Auckland Council,Aerial Surveys,2016-08-16,2018-08-09,7839,2193,s3://linz-elevation-staging/publish/Auckland_North_LiDAR_2020/,auckland,Auckland North,,1000,10000,Digital Elevation Model within the Auckland North region captured in 2016-2018.,
OK,,Auckland Council,Aerial Surveys,2016-08-16,2018-08-09,7839,2193,s3://linz-elevation-staging/publish/Auckland_North_LiDAR_2020/,auckland,Auckland North,,1000,10000,Digital Surface Model within the Auckland North region captured in 2016-2018.,
OK,,Hutt City Council,AAM NZ,2021-03-23,2021-03-27,7839,2193,s3://linz-elevation-staging/publish/Hutt_City_LiDAR_2021/DEM/,wellington,Hutt City,,1000,10000,Digital Elevation Model within the Wellington - Hutt City region captured in 2021.,
OK,,Hutt City Council,AAM NZ,2021-03-23,2021-03-27,7839,2193,s3://linz-elevation-staging/publish/Hutt_City_LiDAR_2021/DSM/,wellington,Hutt City,,1000,10000,Digital Surface Model within the Wellington - Hutt City region captured in 2021.,
OK,,Nelson City Council,Aerial Surveys,2021-01-10,2021-06-24,7839,2193,s3://linz-elevation-staging/publish/Nelson_LiDAR_2021/DEM/,nelson,,,1000,10000,Digital Elevation Model within the Nelson region captured in 2021.,
OK,,Nelson City Council,Aerial Surveys,2021-01-10,2021-06-24,7839,2193,s3://linz-elevation-staging/publish/Nelson_LiDAR_2021/DSM/,nelson,,,1000,10000,Digital Surface Model within the Nelson region captured in 2021.,
OK,,Otago Regional Council,AAM NZ,2021-06-24,2021-06-24,7839,2193,s3://linz-elevation-staging/publish/Otago_DunedinandMosgiel_LiDAR_2021/DEM/,otago,Dunedin and Mosgiel,,1000,10000,Digital Elevation Model within the Otago - Dunedin and Mosgiel region captured in 2021.,
OK,,Otago Regional Council,AAM NZ,2021-06-24,2021-06-24,7839,2193,s3://linz-elevation-staging/publish/Otago_DunedinandMosgiel_LiDAR_2021/DSM/,otago,Dunedin and Mosgiel,,1000,10000,Digital Surface Model within the Otago - Dunedin and Mosgiel region captured in 2021.,
PROJECTION -> OK,,West Coast Regional Council,Aerial Surveys,2020-05-16,2022-02-14,7839,2193,s3://linz-elevation-staging/publish/WestCoast_LiDAR_2020-2022/DEM/,west-coast,,,1000,10000,Digital Elevation Model within the West Coast region captured in 2020-2022.,
PROJECTION -> OK,,West Coast Regional Council,Aerial Surveys,2020-05-16,2022-02-14,7839,2193,s3://linz-elevation-staging/publish/WestCoast_LiDAR_2020-2022/DSM/,west-coast,,,1000,10000,Digital Surface Model within the West Coast region captured in 2020-2022.,
OK,,Gisborne District Council,Aerial Surveys,2018-12-31,2020-10-09,7839,2193,s3://linz-elevation-staging/publish/Gisborne_LiDAR_2018/DEM/,gisborne,,,1000,10000,Digital Elevation Model within the Gisborne region captured in 2018-2020.,
OK,,Gisborne District Council,Aerial Surveys,2018-12-31,2020-10-09,7839,2193,s3://linz-elevation-staging/publish/Gisborne_LiDAR_2018/DSM/,gisborne,,,1000,10000,Digital Surface Model within the Gisborne region captured in 2018-2020.,
OK,,Northland Regional Council,RPS,2018-12-01,2020-02-01,7839,2193,s3://linz-elevation-staging/publish/Northland_LiDAR_2018_2020/DEM/,northland,,,1000,10000,Digital Elevation Model within the Northland region captured in 2018-2020.,
OK,,Northland Regional Council,RPS,2018-12-01,2020-02-01,7839,2193,s3://linz-elevation-staging/publish/Northland_LiDAR_2018_2020/DSM/,northland,,,1000,10000,Digital Surface Model within the Northland region captured in 2018-2020.,
OK,,Taranaki Regional Council,AAM NZ,2021-04-03,2021-10-16,7839,2193,s3://linz-elevation-staging/publish/Taranaki_LiDAR_2021_full/DEM/,taranaki,,,1000,10000,Digital Elevation Model within the Taranaki region captured in 2021.,
OK,,Taranaki Regional Council,AAM NZ,2021-04-03,2021-10-16,7839,2193,s3://linz-elevation-staging/publish/Taranaki_LiDAR_2021_full/DSM/,taranaki,,,1000,10000,Digital Surface Model within the Taranaki region captured in 2021.,
OK,,Environment Southland,Aerial Surveys,2021-09-03,2021-09-03,7839,2193,s3://linz-elevation-staging/publish/StewartIsland_Rakiura_Oban_LiDAR_2021/DEM/,southland,Stewart Island / Rakiura - Oban,,1000,10000,Digital Elevation Model within the Stewart Island / Rakiura - Oban region captured in 2021.,
OK,,Environment Southland,Aerial Surveys,2021-09-03,2021-09-03,7839,2193,s3://linz-elevation-staging/publish/StewartIsland_Rakiura_Oban_LiDAR_2021/DSM/,southland,Stewart Island / Rakiura - Oban,,1000,10000,Digital Surface Model within the Stewart Island / Rakiura - Oban region captured in 2021.,
OK,,Otago Regional Council,AAM NZ,2021-06-25,2021-10-01,7839,2193,s3://linz-elevation-staging/publish/Otago_CoastalCatchments_LiDAR_2021_full/DEM/,otago,Coastal Catchments,,1000,10000,Digital Elevation Model within the Otago - Coastal Catchments region captured in 2021.,
OK,,Otago Regional Council,AAM NZ,2021-06-25,2021-10-01,7839,2193,s3://linz-elevation-staging/publish/Otago_CoastalCatchments_LiDAR_2021_full/DSM/,otago,Coastal Catchments,,1000,10000,Digital Surface Model within the Otago - Coastal Catchments region captured in 2021.,
OK,,Tasman District Council,Aerial Surveys,2023-03-09,2023-03-09,7839,2193,s3://linz-elevation-staging/publish/Tasman-WaimeaDam_LiDAR_2023/DEM/,tasman,Waimea Dam,,1000,10000,Digital Elevation Model within the Tasman - Waimea Dam region captured in 2023.,
OK,,Tasman District Council,Aerial Surveys,2023-03-09,2023-03-09,7839,2193,s3://linz-elevation-staging/publish/Tasman-WaimeaDam_LiDAR_2023/DSM/,tasman,Waimea Dam,,1000,10000,Digital Surface Model within the Tasman - Waimea Dam region captured in 2023.,
OK,,Nelson City Council;Tasman District Council;Waka Kotahi;National Emergency Management Agency,Aerial Surveys,2022-08-23,2022-09-06,7839,2193,s3://linz-elevation-staging/publish/Top_of_the_south_LiDAR_2022/DEM/,nelson,Top of the South Flood,Top of the South Flood,1000,10000,Digital Elevation Model within the Nelson and Tasman - Top of the South Flood region captured in 2022.,
OK,,Nelson City Council;Tasman District Council;Waka Kotahi;National Emergency Management Agency,Aerial Surveys,2022-08-23,2022-09-06,7839,2193,s3://linz-elevation-staging/publish/Top_of_the_south_LiDAR_2022/DSM/,nelson,Top of the South Flood,Top of the South Flood,1000,10000,Digital Surface Model within the Nelson and Tasman - Top of the South Flood region captured in 2022.,
OK,,Queenstown-Lakes District Council,Landpro,2022-11-27,2023-01-11,7839,2193,s3://linz-elevation-staging/publish/Otago_Wanaka_LiDAR_2022-2023/DEM/,otago,Wanaka,,1000,10000,Digital Elevation Model within the Otago - Wanaka region captured in 2022-2023.,
OK,,Queenstown-Lakes District Council,Landpro,2022-11-27,2023-01-11,7839,2193,s3://linz-elevation-staging/publish/Otago_Wanaka_LiDAR_2022-2023/DSM/,otago,Wanaka,,1000,10000,Digital Surface Model within the Otago - Wanaka region captured in 2022-2023.,
OK,,Environment Canterbury,Aerial Surveys,2022-05-02,2022-09-15,7839,2193,s3://linz-elevation-staging/publish/Canterbury_Kaikoura_Waimakariri_LiDAR_2022/DEM/,canterbury,Kaikōura and Waimakariri,,1000,10000,Digital Elevation Model within the Canterbury - Kaikōura and Waimakariri region captured in 2022.,
OK,,Environment Canterbury,Aerial Surveys,2022-05-02,2022-09-15,7839,2193,s3://linz-elevation-staging/publish/Canterbury_Kaikoura_Waimakariri_LiDAR_2022/DSM/,canterbury,Kaikōura and Waimakariri,,1000,10000,Digital Surface Model within the Canterbury - Kaikōura and Waimakariri region captured in 2022.,
OK,,Hawke's Bay Regional Council,Ocean Infinity,2020-11-11,2021-01-24,7839,2193,s3://linz-elevation-staging/publish/Hawkes_Bay_LiDAR_2020_2022/DEM/,hawkes-bay,,,1000,10000,Digital Elevation Model within the Hawke's Bay region captured in 2020-2021.,
OK,,Hawke's Bay Regional Council,Ocean Infinity,2020-11-11,2021-01-24,7839,2193,s3://linz-elevation-staging/publish/Hawkes_Bay_LiDAR_2020_2022/DSM/,hawkes-bay,,,1000,10000,Digital Surface Model within the Hawke's Bay region captured in 2020-2021.,
,,National Institute of Water and Atmospheric Research,Christchurch Helicopters;University of Canterbury,2023-02-26,2023-03-15,7839,2193,s3://linz-elevation-staging/publish/GisborneandHawkesBay-CycloneGabrielle_LiDAR_2023/DEM/,hawkes-bay,Gisborne and Hawke's Bay Cyclone Gabrielle River Flood,Cyclone Gabrielle,1000,10000,,
,,National Institute of Water and Atmospheric Research,Christchurch Helicopters;University of Canterbury,2023-02-26,2023-03-15,7839,2193,s3://linz-elevation-staging/publish/GisborneandHawkesBay-CycloneGabrielle_LiDAR_2023/DSM/,hawkes-bay,Gisborne and Hawke's Bay Cyclone Gabrielle River Flood,Cyclone Gabrielle,1000,10000,,
OK,,BOPLASS,Aerial Surveys,2019-10-27,2022-10-24,7839,2193,s3://linz-elevation-staging/publish/BayofPlenty_LiDAR_2019-2022/DEM/,bay-of-plenty,,,1000,10000,Digital Elevation Model within the Bay of Plenty region captured in 2019-2022.,
OK,,BOPLASS,Aerial Surveys,2019-10-27,2022-10-24,7839,2193,s3://linz-elevation-staging/publish/BayofPlenty_LiDAR_2019-2022/DSM/,bay-of-plenty,,,1000,10000,Digital Surface Model within the Bay of Plenty region captured in 2019-2022.,
PROJECTION -> OK,,Christchurch City Council;Environment Canterbury,Landpro,2020-12-18,2021-02-17,7839,2193,s3://linz-elevation-staging/publish/Canterbury_Christchurch_LiDAR_2020_2021/DEM/,canterbury,Christchurch,,1000,10000,Digital Elevation Model within the Canterbury - Christchurch region captured in 2020-2021.,
OK,,Christchurch City Council;Environment Canterbury,Landpro,2020-12-18,2021-02-17,7839,2193,s3://linz-elevation-staging/publish/Canterbury_Christchurch_LiDAR_2020_2021/DSM/,canterbury,Christchurch,,1000,10000,Digital Surface Model within the Canterbury - Christchurch region captured in 2020-2021.,
OK,,Tasman District Council,Aerial Surveys,2022-10-14,2022-11-07,7839,2193,s3://linz-elevation-staging/publish/Tasman-TasmanBay_LiDAR_2022/DEM/,tasman,Tasman Bay,,1000,10000,Digital Elevation Model within the Tasman - Tasman Bay region captured in 2022.,
OK,,Tasman District Council,Aerial Surveys,2022-10-14,2022-11-07,7839,2193,s3://linz-elevation-staging/publish/Tasman-TasmanBay_LiDAR_2022/DSM/,tasman,Tasman Bay,,1000,10000,Digital Surface Model within the Tasman - Tasman Bay region captured in 2022.,
,,"Ministry of Business, Innovation and Employment",Landpro,2021-05-22,2021-05-27,7839,2193,s3://linz-elevation-staging/publish/Otago-CentralOtago_LiDAR_2021/DEM/,otago,Central Otago,,1000,10000,,
,,"Ministry of Business, Innovation and Employment",Landpro,2021-05-22,2021-05-27,7839,2193,s3://linz-elevation-staging/publish/Otago-CentralOtago_LiDAR_2021/DSM/,otago,Central Otago,,1000,10000,,
OK,No DSM folder,Nelson City Council;Tasman District Council,NZ Aerial Mapping;Aerial Surveys;AAM NZ,2008-05-01,2015-12-31,7839,2193,s3://linz-elevation-staging/lidar2/Nelson_and_Tasman_LiDAR_(2008-2015)/DEM/,tasman,,,1000,10000,Digital Elevation Model within the Nelson and Tasman region captured in 2008-2015.,
OK,,Tasman District Council,Aerial Surveys,2020-01-28,2022-01-30,7839,2193,s3://linz-elevation-staging/publish/Tasman_LiDAR_2020-2022/DEM/,tasman,,,1000,10000,Digital Elevation Model within the Tasman region captured in 2020-2022.,
OK,,Tasman District Council,Aerial Surveys,2020-01-28,2022-01-30,7839,2193,s3://linz-elevation-staging/publish/Tasman_LiDAR_2020-2022/DSM/,tasman,,,1000,10000,Digital Surface Model within the Tasman region captured in 2020-2022.,
416 InvalidRange,"COGeoTIFF ""bug"" TDE-835. Failed to fetch s3://linz-elevation-staging/publish/Kaikoura_LiDAR_2016/DEM/DEM_BS28_2016_1000_1141.tif",Land Information New Zealand,AAM NZ,2016-12-02,2017-01-06,7839,2193,s3://linz-elevation-staging/publish/Kaikoura_LiDAR_2016/DEM/,canterbury,Kaikōura,,1000,10000,Digital Elevation Model within the Canterbury - Kaikōura region captured in 2016.,
404,No DSM folder,Land Information New Zealand,AAM NZ,2016-12-02,2017-01-06,7839,2193,s3://linz-elevation-staging/publish/Kaikoura_LiDAR_2016/DSM/,canterbury,Kaikōura,,1000,10000,Digital Surface Model within the Canterbury - Kaikōura region captured in 2016.,
OK,out of date,Marlborough District Council,Aerial Surveys,2020-02-10,2021-07-02,7839,2193,s3://linz-elevation-staging/publish/Marlborough_LiDAR_2020-2021_123merge/DEM/,,,,1000,10000,Digital Elevation Model within the Marlborough region captured in 2020-2021.,
OK,out of date,Marlborough District Council,Aerial Surveys,2020-02-10,2021-07-02,7839,2193,s3://linz-elevation-staging/publish/Marlborough_LiDAR_2020-2021_123merge/DSM/,,,,1000,10000,Digital Surface Model within the Marlborough region captured in 2020-2021.,
,,Marlborough District Council,Aerial Surveys,2020-02-10,2022-02-15,7839,2193,s3://linz-elevation-staging/publish/Marlborough_LiDAR_2020-2022/DEM/,marlborough,,,1000,10000,,
,,Marlborough District Council,Aerial Surveys,2020-02-10,2022-02-15,7839,2193,s3://linz-elevation-staging/publish/Marlborough_LiDAR_2020-2022/DSM/,marlborough,,,1000,10000,,
,,Porirua City Council,Landpro,2023-01-18,2023-04-16,7839,2193,s3://linz-elevation-staging/publish/Wellington-Porirua_LiDAR_2023/DEM/,wellington,Porirua,,1000,10000,,
,,Porirua City Council,Landpro,2023-01-18,2023-04-16,7839,2193,s3://linz-elevation-staging/publish/Wellington-Porirua_LiDAR_2023/DSM/,wellington,Porirua,,1000,10000,,
,,Otago Regional Council,AAM NZ,2022-06-22,2023-01-09,7839,2193,s3://linz-elevation-staging/publish/Otago-CentralOtago_LiDAR_2022-2023/DEM/,otago,Central Otago,,1000,10000,,
,,Otago Regional Council,AAM NZ,2022-06-22,2023-01-09,7839,2193,s3://linz-elevation-staging/publish/Otago-CentralOtago_LiDAR_2022-2023/DSM/,otago,Central Otago,,1000,10000,,
OK,,Whanganui District Council,Aerial Surveys,2020-09-08,2021-02-03,7839,2193,s3://linz-elevation-staging/publish/Manawatu-Whanganui_WhanganuiUrban_LiDAR_2020/DEM/,manawatu-whanganui,,,1000,10000,Digital Elevation Model within the Manawatū-Whanganui - Whanganui Urban region captured in 2020-2021.,
OK,,Whanganui District Council,Aerial Surveys,2020-09-08,2021-02-03,7839,2193,s3://linz-elevation-staging/publish/Manawatu-Whanganui_WhanganuiUrban_LiDAR_2020/DSM/,manawatu-whanganui,,,1000,10000,Digital Surface Model within the Manawatū-Whanganui - Whanganui Urban region captured in 2020-2021.,
OK,,Palmerston North City Council,AAM NZ,2018-08-29,2018-09-28,7839,2193,s3://linz-elevation-staging/lidar2/Manawatu-Whanganui_-_Palmerston_North_LiDAR_(2018)/Manawatu-Whanganui_-_Palmerston_North_LiDAR_1m_DEM_(2018)/,manawatu-whanganui,,,1000,10000,Digital Elevation Model within the Manawatū-Whanganui - Palmerston North region captured in 2018.,
OK,,Palmerston North City Council,AAM NZ,2018-08-29,2018-09-28,7839,2193,s3://linz-elevation-staging/lidar2/Manawatu-Whanganui_-_Palmerston_North_LiDAR_(2018)/Manawatu-Whanganui_-_Palmerston_North_LiDAR_1m_DSM_(2018)/,manawatu-whanganui,,,1000,10000,Digital Surface Model within the Manawatū-Whanganui - Palmerston North region captured in 2018.,
,,Horizons Regional Council,Landpro,2022-07-02,2023-11-01,7839,2193,s3://linz-elevation-staging/publish/Manawatu-Whanganui_LiDAR_2022-2023/DEM/,manawatu-whanganui,,,1000,10000,,
,,Horizons Regional Council,Landpro,2022-07-02,2023-11-01,7839,2193,s3://linz-elevation-staging/publish/Manawatu-Whanganui_LiDAR_2022-2023/DSM/,manawatu-whanganui,,,1000,10000,,
,,Tasman District Council,Aerial Surveys,2023-08-07,2023-08-17,7839,2193,s3://linz-elevation-staging/publish/Tasman-AbelTasmanandGoldenBay_LiDAR_2023/DEM/,tasman,Abel Tasman and Golden Bay,,1000,10000,,
,,Tasman District Council,Aerial Surveys,2023-08-07,2023-08-17,7839,2193,s3://linz-elevation-staging/publish/Tasman-AbelTasmanandGoldenBay_LiDAR_2023/DSM/,tasman,Abel Tasman and Golden Bay,,1000,10000,,
OK,,Horizons Regional Council,Aerial Surveys,2015-12-27,2016-12-17,7839,2193,s3://linz-elevation-staging/lidar2/Manawatu_-_Whanganui_LiDAR_(2015-2016)/Manawatu_-_Whanganui_LiDAR_1m_DEM_(2015-2016)/,manawatu-whanganui,,,1000,10000,Digital Elevation Model within the Manawatū - Whanganui region captured in 2015-2016.,
OK,,Horizons Regional Council,Aerial Surveys,2015-12-27,2016-12-17,7839,2193,s3://linz-elevation-staging/lidar2/Manawatu_-_Whanganui_LiDAR_(2015-2016)/Manawatu_-_Whanganui_LiDAR_1m_DSM_(2015-2016)/,manawatu-whanganui,,,1000,10000,Digital Surface Model within the Manawatū - Whanganui region captured in 2015-2016.,
PROJECTION -> OK,,Waikato Regional Council,Ocean Infinity,2021-01-05,2021-03-26,7839,2193,s3://linz-elevation-staging/publish/Waikato_LiDAR_2021/DEM/,waikato,,,1000,10000,Digital Elevation Model within the Waikato region captured in 2021.,
PROJECTION -> OK,,Waikato Regional Council,Ocean Infinity,2021-01-05,2021-03-26,7839,2193,s3://linz-elevation-staging/publish/Waikato_LiDAR_2021/DSM/,waikato,,,1000,10000,Digital Surface Model within the Waikato region captured in 2021.,
,ASC FILES,BOPLASS,Aerial Surveys,2015-01-05,2015-11-08,7839,2193,s3://linz-elevation-staging/lidar2/Bay_of_Plenty_-_Tauranga_and_Coast_LiDAR_(2015)/Bay_of_Plenty_-_Tauranga_and_Coast_LiDAR_1m_DEM_(2015)/,bay-of-plenty,Tauranga and Coast,,1000,10000,Digital Elevation Model within the Bay of Plenty - Tauranga and Coast region captured in 2015.,
,ASC FILES,BOPLASS,Aerial Surveys,2015-01-05,2015-11-08,7839,2193,s3://linz-elevation-staging/lidar2/Bay_of_Plenty_-_Tauranga_and_Coast_LiDAR_(2015)/Bay_of_Plenty_-_Tauranga_and_Coast_LiDAR_1m_DSM_(2015)/,bay-of-plenty,Tauranga and Coast,,1000,10000,Digital Surface Model within the Bay of Plenty - Tauranga and Coast region captured in 2015.,
,,Environment Canterbury,Aerial Surveys,2023-06-14,2023-07-17,7839,2193,s3://linz-elevation-staging/publish/Canterbury-Waimakariri_LiDAR_2023/DEM/,canterbury,Waimakariri,,1000,10000,,
,,Environment Canterbury,Aerial Surveys,2023-06-14,2023-07-17,7839,2193,s3://linz-elevation-staging/publish/Canterbury-Waimakariri_LiDAR_2023/DSM/,canterbury,Waimakariri,,1000,10000,,
PROJECTION -> OK,,Environment Southland,Aerial Surveys,2020-12-15,2023-04-26,7839,2193,s3://linz-elevation-staging/publish/Southland_LiDAR_2020-2022/DEM/,southland,,,1000,10000,Digital Elevation Model within the Southland region captured in 2020-2022.,
PROJECTION -> OK,,Environment Southland,Aerial Surveys,2020-12-15,2023-04-26,7839,2193,s3://linz-elevation-staging/publish/Southland_LiDAR_2020-2022/DSM/,southland,,,1000,10000,Digital Surface Model within the Southland region captured in 2020-2022.,
OK,,BOPLASS,AAM NZ,2018-12-01,2019-04-30,7839,2193,s3://linz-elevation-staging/lidar2/Bay_of_Plenty_LiDAR_(2018-2019)/DEM/,bay-of-plenty,,,1000,10000,Digital Elevation Model within the Bay of Plenty region captured in 2018-2019.,
OK,,BOPLASS,AAM NZ,2018-12-01,2019-04-30,7839,2193,s3://linz-elevation-staging/lidar2/Bay_of_Plenty_LiDAR_(2018-2019)/DSM/,bay-of-plenty,,,1000,10000,Digital Surface Model within the Bay of Plenty region captured in 2018-2019.,
OK,,Environment Canterbury,Aerial Surveys,2020-05-01,2022-05-03,7839,2193,s3://linz-elevation-staging/publish/Canterbury_LiDAR_2020/DEM/,canterbury,,,1000,10000,Digital Elevation Model within the Canterbury region captured in 2020.,
OK,,Environment Canterbury,Aerial Surveys,2020-05-01,2022-05-03,7839,2193,s3://linz-elevation-staging/publish/Canterbury_LiDAR_2020/DSM/,canterbury,,,1000,10000,Digital Surface Model within the Canterbury region captured in 2020.,
,,Environment Canterbury,Landpro,2023-02-18,2023-08-15,7839,2193,s3://linz-elevation-staging/publish/Canterbury-Banks_Peninsula_LiDAR_2023/DEM/,canterbury,Banks Peninsula,,1000,10000,,
,,Environment Canterbury,Landpro,2023-02-18,2023-08-15,7839,2193,s3://linz-elevation-staging/publish/Canterbury-Banks_Peninsula_LiDAR_2023/DSM/,canterbury,Banks Peninsula,,1000,10000,,
,,Environment Canterbury,Landpro,2023-03-24,2023-05-04,7839,2193,s3://linz-elevation-staging/publish/Canterbury-Selwyn_LiDAR_2023/DEM/,canterbury,Selwyn,,1000,10000,,
,,Environment Canterbury,Landpro,2023-03-24,2023-05-04,7839,2193,s3://linz-elevation-staging/publish/Canterbury-Selwyn_LiDAR_2023/DSM/,canterbury,Selwyn,,1000,10000,,
,,National Institute of Water and Atmospheric Research,Landpro,2023-09-11,2023-09-20,7839,2193,s3://linz-elevation-staging/publish/Gisborne_LiDAR_2023/DEM/,gisborne,,,1000,10000,,
,,National Institute of Water and Atmospheric Research,Landpro,2023-09-11,2023-09-20,7839,2193,s3://linz-elevation-staging/publish/Gisborne_LiDAR_2023/DSM/,gisborne,,,1000,10000,,
,part of west coast dataset,,,,,,,s3://linz-elevation-staging/publish/WestCoast_Westport_LiDAR_2020/,,,,,,,
,part of west coast dataset,,,,,,,s3://linz-elevation-staging/lidar2/West_Coast_-_Westport_LiDAR_(2020)/,,,,,,,
,no - 8m dem,,,,,,,s3://linz-elevation-staging/publish/NZ_8m_DEM_2012/,,,,,,,
,Not ready - still awaiting further data,,,,,,,s3://linz-elevation-staging/publish/Tauranga_LiDAR_2022/DEM/,,,,,,,
